id,name,region
1,Ella Davis,Northeast
2,Victoria Johnson,Southwest
3,Charlotte Martinez,Southwest
4,Victoria Taylor,Northeast
5,Elijah Moore,Northeast
6,Abigail Williams,Southwest
7,Michael Freeman,Central
8,Logan Perez,Northwest
9,Victoria Johnson,Central
10,Scarlett Jones,Northwest
11,Elijah Perez,Central
12,Oliver Lee,Northeast
13,Evelyn Lee,Southeast
14,Ava Lee,South
15,Noah Taylor,South
16,Henry Anderson,Northeast
17,Jackson Gonzalez,Southeast
18,Liam Harris,South
19,Jackson Moore,Southwest
20,Harper Garcia,Northwest
21,Liam Wilson,Northwest
22,Olivia Thompson,Southeast
23,Daniel Jones,South
24,Jackson Gonzalez,Northwest
25,Lucas Clark,South
26,Henry Perez,Southwest
27,Liam Lopez,Northeast
28,Oliver Gonzalez,Central
29,Daniel Lee,South
30,Mason Williams,Central
31,Olivia Taylor,Central
32,Abigail Lopez,Southwest
33,Logan Moore,Northwest
34,Sophia Jackson,Northwest
35,Jackson Lee,Central
36,Charlotte Garcia,Central
37,Harper Williams,Central
38,James Miller,Southwest
39,Mason Taylor,Southeast
40,Harper Hernandez,South
41,Scarlett Perez,Southeast
42,Harper Freeman,Northwest
43,James Thompson,Northeast
44,Matthew Moore,Southwest
45,Sebastian Wilson,Central
46,Noah Taylor,Northwest
47,Emma Gonzalez,Northwest
48,Jacob Smith,Northeast
49,James Gonzalez,Northeast
50,Olivia Sanchez,Northwest
51,Evelyn Davis,Southwest
52,Benjamin Smith,Central
53,Daniel Martin,Southeast
54,Lucas Freeman,Northeast
55,Amelia Martin,Central
56,Joseph Hernandez,Southwest
57,Evelyn Wilson,Central
58,Avery Taylor,Northwest
59,Matthew Moore,Southwest
60,Emma Perez,Northwest
61,Elijah Davis,Southeast
62,Emily Miller,Southeast
63,Sebastian Perez,South
64,Emma Martin,Southwest
65,Avery Wilson,South
66,Evelyn Smith,South
67,Olivia Johnson,Southeast
68,Evelyn Williams,Southwest
69,Scarlett Jones,Southeast
70,Ava Lopez,Central
71,Jesse Hernandez,Southeast
72,Ella Moore,Southeast
73,Lucas Clark,Southwest
74,Abigail Thomas,South
75,Sebastian Williams,Southwest
76,Jackson Gonzalez,Northeast
77,Elizabeth Rodriguez,Southwest
78,Matthew Thompson,Southeast
79,Aria Hernandez,Southeast
80,Oliver Garcia,Southwest
81,Liam Williams,South
82,Noah Taylor,Northwest
83,Oliver Smith,Northwest
84,Michael Lopez,South
85,Samuel Martin,South
86,Jackson Thompson,South
87,Scarlett Thompson,Central
88,Oliver Davis,Southwest
89,Charlotte Anderson,Southwest
90,Liam Clark,Central
91,Michael Perez,Southeast
92,Elijah Miller,Northeast
93,Aiden Jones,Southwest
94,Aria Sanchez,Central
95,Victoria Rodriguez,Southwest
96,Samuel Moore,Southwest
97,Daniel Miller,Central
98,Aiden Rodriguez,Central
99,Daniel Wilson,South
100,Emily Williams,Northwest
101,Scarlett Moore,Southwest
102,Abigail Davis,Southeast
103,Ava Sanchez,Southwest
104,Mason Williams,Southwest
105,Daniel Johnson,Southeast
106,Mia Clark,Southeast
107,Sophia Wilson,Northeast
108,Henry Clark,Central
109,Matthew Davis,Southeast
110,Oliver Sanchez,Northeast
111,Alexander Rodriguez,Northwest
112,Amelia Smith,South
113,Mason Thomas,South
114,Madison Thompson,Northeast
115,Liam Williams,Northeast
116,Lucas Lopez,Southeast
117,Abigail Smith,Southeast
118,Michael Wilson,Central
119,Scarlett Martin,Central
120,Ava Thompson,Northwest
121,Harper Johnson,Northeast
122,Mason Lee,Northeast
123,Madison Moore,South
124,Aiden Moore,Central
125,Henry Smith,Northeast
126,Amelia Lee,Central
127,Ethan Taylor,Northeast
128,Oliver Rodriguez,Southwest
129,Isabella Martinez,Central
130,Elizabeth Davis,Southeast
131,Benjamin Thompson,Southwest
132,Sebastian Thompson,Southwest
133,Noah Davis,Northwest
134,Mia Lee,Southeast
135,Sofia Martin,Central
136,Jackson Johnson,Southwest
137,Harper Sanchez,Northwest
138,Daniel Smith,Northeast
139,Mason Wilson,Northwest
140,Amelia Garcia,Central
141,Aiden Smith,Southeast
142,Ethan Martin,Southwest
143,Jesse Williams,Southeast
144,Avery Brown,Central
145,Ethan Rodriguez,Central
146,Oliver Miller,Northeast
147,Ava Taylor,Southwest
148,Mia Jackson,Southeast
149,Madison Williams,Southwest
150,Olivia Moore,Southwest
151,Scarlett Anderson,Southwest
152,Aria Taylor,South
153,Amelia Perez,Central
154,Ella Anderson,Southeast
155,Matthew Perez,Central
156,Lucas Brown,South
157,Mia Anderson,Northeast
158,Jackson Johnson,Southwest
159,Amelia Jones,Northwest
160,Liam Smith,Northeast
161,Daniel Jones,South
162,Sophia Martin,Central
163,Aria Thompson,Northwest
164,Sofia Harris,Southwest
165,William Taylor,Central
166,Mason Davis,Northwest
167,Sofia Perez,Northeast
168,Emily Smith,Northwest
169,Madison Moore,Central
170,Sophia Martinez,Northwest
171,Aria Brown,Central
172,Elizabeth Miller,Northeast
173,Samuel Freeman,South
174,Jesse Taylor,Central
175,Ava Wilson,Northeast
176,Elizabeth Anderson,South
177,Matthew Sanchez,Southwest
178,Harper Clark,South
179,Henry Jackson,South
180,Henry Martinez,Northwest
181,Amelia Taylor,Central
182,Scarlett Freeman,Southeast
183,Aiden Johnson,Central
184,Avery Johnson,Central
185,Ava Moore,Southeast
186,Benjamin Lee,Northeast
187,Noah Clark,Northwest
188,Scarlett Hernandez,Northeast
189,Abigail Martin,Northwest
190,James Smith,Northeast
191,Harper Perez,Northwest
192,Liam Harris,Central
193,Madison Anderson,Southeast
194,Aria Martin,Southwest
195,Victoria Hernandez,South
196,Sebastian Jackson,Southeast
197,Emily Anderson,Southwest
198,Victoria Davis,Central
199,Elizabeth Smith,Central
200,Charlotte Johnson,Southwest
201,Evelyn Perez,Central
202,Charlotte Wilson,South
203,Benjamin Gonzalez,Northwest
204,Sofia Freeman,Southwest
205,Sophia Brown,South
206,Lucas Jackson,Northeast
207,Isabella Moore,Northwest
208,Avery Jackson,Northwest
209,Sofia Williams,Southwest
210,Daniel Jones,Northwest
211,Emma Sanchez,South
212,Joseph Moore,Central
213,Jackson Miller,Northeast
214,James Smith,South
215,Sebastian Martinez,Northwest
216,Amelia Miller,Central
217,Sebastian Martin,South
218,Sebastian Gonzalez,South
219,Isabella Clark,South
220,Lucas Davis,South
221,Noah Wilson,Northeast
222,Emma Miller,Southeast
223,William Clark,South
224,Sebastian Taylor,Central
225,Logan Jackson,Northeast
226,Liam Martin,Northeast
227,Amelia Hernandez,Northeast
228,Abigail Martinez,Northwest
229,Ella Harris,Southeast
230,Amelia Freeman,Southeast
231,Jackson Anderson,Northeast
232,Noah Johnson,Southwest
233,Oliver Jones,Southwest
234,Oliver Miller,Northwest
235,Alexander Miller,Northeast
236,William Davis,South
237,James Brown,Southwest
238,Liam Martinez,South
239,Lucas Jackson,Southeast
240,Daniel Jackson,Northeast
241,Noah Brown,South
242,Elizabeth Rodriguez,Southwest
243,Scarlett Davis,Northeast
244,Daniel Jackson,Central
245,Madison Garcia,South
246,Logan Freeman,Central
247,Lucas Gonzalez,Northwest
248,Emma Lopez,Northeast
249,Ava Harris,Southwest
250,Alexander Williams,Southeast
251,Olivia Wilson,Southwest
252,Elizabeth Gonzalez,Northwest
253,Samuel Freeman,South
254,Mia Rodriguez,Southwest
255,Elizabeth Brown,Southwest
256,Elijah Brown,Central
257,Jacob Clark,Northeast
258,Lucas Brown,Northeast
259,Victoria Rodriguez,Northwest
260,William Jones,Southwest
261,Ella Martin,Central
262,Abigail Clark,Southeast
263,Charlotte Smith,Northwest
264,Samuel Freeman,Central
265,Henry Gonzalez,Southeast
266,Alexander Freeman,Southeast
267,Charlotte Freeman,Southwest
268,Aria Sanchez,Southeast
269,Madison Garcia,Southeast
270,Henry Harris,Southwest
271,Aiden Brown,Southwest
272,Matthew Davis,Southwest
273,Sofia Hernandez,Southwest
274,Jackson Sanchez,Central
275,Sophia Jones,South
276,Ava Rodriguez,Northeast
277,Emma Lee,Central
278,Noah Perez,Southeast
279,Victoria Johnson,Southeast
280,Ella Smith,Northeast
281,Olivia Clark,South
282,Abigail Rodriguez,Southeast
283,Harper Brown,Northwest
284,Olivia Moore,Southwest
285,Daniel Thomas,Southeast
286,Jesse Johnson,South
287,Avery Martinez,Northeast
288,Michael Sanchez,Southwest
289,Alexander Smith,Central
290,Abigail Garcia,Central
291,Lucas Garcia,Northeast
292,Matthew Rodriguez,Northeast
293,Mason Lopez,Southeast
294,James Garcia,Central
295,Lucas Freeman,Southeast
296,Alexander Wilson,Central
297,Liam Brown,Southwest
298,Mia Martin,Northwest
299,Emily Lee,South
300,Liam Perez,South
301,Lucas Gonzalez,Northwest
302,Emily Moore,Northeast
303,Jacob Lopez,Northwest
304,Emily Johnson,Central
305,Aria Johnson,Northeast
306,Victoria Johnson,Northwest
307,Avery Perez,Southeast
308,Michael Anderson,Central
309,James Taylor,Southwest
310,Elizabeth Johnson,Northeast
311,Joseph Perez,Northeast
312,Mason Jones,Southeast
313,Jacob Garcia,Southeast
314,Evelyn Brown,Northwest
315,Joseph Jones,Central
316,James Lopez,Central
317,Victoria Martinez,Central
318,Harper Wilson,Northwest
319,Jacob Wilson,Central
320,Harper Johnson,Central
321,Henry Thomas,Northwest
322,Oliver Gonzalez,Southwest
323,Abigail Lee,Southeast
324,Evelyn Brown,Central
325,Henry Thomas,Southeast
326,Avery Freeman,South
327,Sophia Williams,Northeast
328,Ella Harris,Central
329,Samuel Davis,Northwest
330,Jesse Jackson,Southeast
331,Henry Perez,Northwest
332,Benjamin Jones,Southeast
333,Victoria Johnson,Northwest
334,William Lopez,Northeast
335,Olivia Lopez,Southwest
336,Sophia Smith,Southeast
337,Isabella Johnson,Northeast
338,Sebastian Sanchez,Southeast
339,Alexander Sanchez,Southwest
340,Liam Moore,Southwest
341,William Rodriguez,Southwest
342,Elijah Gonzalez,Central
343,Victoria Wilson,Central
344,Madison Johnson,Northeast
345,Emily Thompson,Northeast
346,Samuel Williams,South
347,Liam Sanchez,Southwest
348,Victoria Martin,South
349,Harper Rodriguez,Northeast
350,Jacob Perez,Central
351,Logan Thompson,Southwest
352,Oliver Rodriguez,Northeast
353,Sophia Moore,Southwest
354,Mason Jones,Southwest
355,Sophia Brown,Southeast
356,Sebastian Brown,Northeast
357,Elijah Jackson,Southwest
358,Mia Sanchez,Central
359,Michael Brown,Northeast
360,Aria Brown,Northwest
361,Daniel Anderson,South
362,Sophia Martinez,Northwest
363,William Gonzalez,Central
364,Avery Smith,South
365,Ava Lopez,Northeast
366,Sophia Harris,Southwest
367,Lucas Harris,South
368,Sophia Moore,Northeast
369,Ella Williams,Northwest
370,Mason Miller,Southwest
371,William Gonzalez,Southeast
372,Benjamin Lee,Northeast
373,Noah Thomas,South
374,Michael Anderson,South
375,Mason Martin,Southeast
376,Sofia Moore,Southeast
377,Amelia Martinez,South
378,Evelyn Moore,Southwest
379,Ethan Thomas,Southeast
380,Madison Rodriguez,Southwest
381,Jackson Moore,Northeast
382,Samuel Lopez,Northwest
383,Ethan Miller,Central
384,Liam Garcia,Northwest
385,Aiden Hernandez,Southwest
386,Madison Rodriguez,Northwest
387,Samuel Harris,Central
388,Joseph Freeman,Southeast
389,Jackson Garcia,South
390,Henry Smith,Southeast
391,Henry Davis,South
392,Ava Taylor,Central
393,Avery Jackson,Southeast
394,Charlotte Lopez,Central
395,Emily Harris,Northwest
396,Avery Rodriguez,Southwest
397,Emily Davis,Northwest
398,Harper Clark,South
399,Ella Moore,Southwest
400,Sophia Taylor,Northwest
401,Jacob Harris,Southeast
402,Logan Martinez,South
403,Evelyn Clark,South
404,Noah Lopez,Northeast
405,Victoria Johnson,Southwest
406,Aria Davis,South
407,Joseph Lee,Northwest
408,Noah Wilson,Northwest
409,Alexander Hernandez,Northwest
410,Elizabeth Jackson,Northeast
411,Oliver Hernandez,Southwest
412,Michael Williams,South
413,Daniel Brown,Central
414,Liam Moore,Northeast
415,Mia Anderson,Southeast
416,Daniel Freeman,Northwest
417,Daniel Thomas,Southwest
418,Evelyn Davis,Southeast
419,Madison Harris,Central
420,Liam Lopez,Northeast
421,Elizabeth Johnson,Central
422,William Harris,South
423,Daniel Jackson,South
424,Oliver Martin,Central
425,Henry Taylor,Northwest
426,Ella Williams,Northwest
427,Jackson Sanchez,Central
428,Ava Jones,South
429,Evelyn Harris,Southwest
430,Emma Harris,Northwest
431,Joseph Freeman,Southwest
432,Joseph Anderson,Northeast
433,Ethan Gonzalez,South
434,Jesse Jackson,Southwest
435,Jesse Lee,Southeast
436,Olivia Jackson,Central
437,Ella Williams,Central
438,Joseph Johnson,Northwest
439,Elijah Jackson,Southwest
440,Victoria Rodriguez,Southwest
441,Isabella Taylor,Northwest
442,Jacob Martinez,Northwest
443,Abigail Perez,Central
444,Noah Gonzalez,Central
445,Amelia Martinez,South
446,Joseph Harris,Northeast
447,Aiden Freeman,Northwest
448,Ella Jones,Southeast
449,Amelia Jackson,Southwest
450,Ella Hernandez,Southeast
451,Isabella Lopez,Southwest
452,Evelyn Smith,Southeast
453,Harper Johnson,Central
454,Henry Rodriguez,South
455,James Sanchez,Northwest
456,Sofia Jones,Central
457,Avery Brown,South
458,Avery Garcia,Southwest
459,Isabella Rodriguez,Central
460,Daniel Davis,Northwest
461,Charlotte Miller,Central
462,Henry Rodriguez,Northwest
463,Ethan Sanchez,Southwest
464,Jesse Perez,South
465,Daniel Thompson,Southeast
466,Charlotte Jackson,Northwest
467,Avery Sanchez,Northeast
468,Avery Davis,Central
469,Oliver Johnson,Central
470,Michael Johnson,Southwest
471,Isabella Taylor,Southwest
472,Aiden Martin,Southeast
473,Sofia Moore,South
474,Victoria Clark,Northwest
475,Ava Jackson,Southeast
476,Ella Freeman,South
477,Jackson Jackson,Northeast
478,Ava Wilson,Southwest
479,Lucas Perez,Northwest
480,Oliver Smith,Southeast
481,Evelyn Sanchez,Southwest
482,Jackson Williams,South
483,Amelia Jackson,South
484,Mia Freeman,Central
485,Charlotte Freeman,South
486,Henry Smith,Northeast
487,Daniel Lopez,Northeast
488,Jacob Jones,Northwest
489,Elijah Thompson,Southwest
490,Matthew Taylor,Southwest
491,Jackson Martinez,South
492,Michael Anderson,South
493,Alexander Hernandez,Southeast
494,Alexander Martin,Southwest
495,Logan Harris,Central
496,Sofia Freeman,Northwest
497,Aiden Lopez,Northeast
498,Evelyn Smith,South
499,Jesse Martin,Central
500,Elizabeth Davis,Southeast
